,Product Page,Product URL,Title,Description,SKU,Hosted Image URLs
,collection,alfa-romeo-4c,AutoArt ALFA ROMEO 4C GLOSS BLACK,<pre><code>Trademark: AutoArt<br>Brand: Alfa Romeo<br>Model: 4C<br>Scale: 1:18<br>Car Model Code: 70184<br>Manufacturer Code: 70184<br>Colour: Gloss Black<br>Material: Die-cast metal with plastic details<br>Year: 2013<br>EAN: Available on request</code></pre>,70184,https://images.squarespace-cdn.com/content/v1/68d6a6c7ad50e42eaaa2008c/ed1042c9-9035-4d3a-93c4-fee3c7c21fa9/Untitled+design+%2822%29.png
,pre-order,alpina-b4-gt-grey-2024-118,"ALPINA B4 GT GREY 2024 GT Spirit 1:18 Resinemodell (Türen, Motorhaube... nicht zu öffnen!)","<pre><code>Trademark: GT Spirit
Brand: ALPINA
Model: B4
Scale: 1:18
Car Model Code: 30587
Manufacturer Code: 30587
Colour: GREY
Material: Resin model (doors and hood do not open)
Year: 2024
EAN: Available on request
Expected Release: March 2026</code></pre>",30587,
,pre-order,alpina-b4-gt-grey-2024-30587,"ALPINA B4 GT GREY 2024 GT Spirit 1:18 Resinemodell (Türen, Motorhaube... nicht zu öffnen!)","<pre><code>Trademark: GT Spirit
Brand: ALPINA
Model: B4
Scale: 1:18
Car Model Code: 30587
Manufacturer Code: 30587
Colour: GREY
Material: Resin model (doors and hood do not open)
Year: 2024
EAN: Available on request
Expected Release: March 2026</code></pre>",30587,https://images.squarespace-cdn.com/content/v1/68d6a6c7ad50e42eaaa2008c/1760105376228-PY89I4JJY67J7SFI8K4Q/gt541nh.jpg
,pre-order,alpina-b6-28-alpina-blue-metallic-1992-118,"ALPINA B6 2.8 Alpina Blue Metallic 1992 OttO mobile 1:18 Resinemodell (Türen, Motorhaube... nicht zu öffnen!)","<pre><code>Trademark: OttO mobile
Brand: ALPINA
Model: B6 2.8 Alpina
Scale: 1:18
Car Model Code: 30729
Manufacturer Code: 30729
Colour: Alpina Blue Metallic
Material: Resin model (doors and hood do not open)
Year: 1992
EAN: Available on request
Expected Release: January 2026</code></pre>",30729,
,pre-order,alpina-b6-28-alpina-blue-metallic-1992-30729,"ALPINA B6 2.8 Alpina Blue Metallic 1992 OttO mobile 1:18 Resinemodell (Türen, Motorhaube... nicht zu öffnen!)","<pre><code>Trademark: OttO mobile
Brand: ALPINA
Model: B6 2.8 Alpina
Scale: 1:18
Car Model Code: 30729
Manufacturer Code: 30729
Colour: Alpina Blue Metallic
Material: Resin model (doors and hood do not open)
Year: 1992
EAN: Available on request
Expected Release: January 2026</code></pre>",30729,
,collection,aston-martin-db5,SOLIDO ASTON MARTIN DB5,<pre><code>Trademark: SOLIDO<br>Brand: Aston Martin<br>Model: DB5 Silver Birch<br>Scale: 1:18<br>Car Model Code: S1807101<br>Manufacturer Code: S1807101<br>Colour: Silver Birch<br>Material: Die-cast metal with plastic details<br>Year: 1964<br>EAN: Available on request</code></pre>,S1807101,https://images.squarespace-cdn.com/content/v1/68d6a6c7ad50e42eaaa2008c/1759068988286-JQ2OYCE61NE1JW0P27Y0/aston-martin-db5-silver-birch-1964-01.jpg
,pre-order,aston-martin-valiant-auric-gold-metallic-2024-118,"ASTON MARTIN VALIANT AURIC GOLD METALLIC 2024 GT Spirit 1:18 Resinemodell (Türen, Motorhaube... nicht zu öffnen!)","<pre><code>Trademark: GT Spirit
Brand: ASTON MARTIN
Model: VALIANT AURIC GOLD
Scale: 1:18
Car Model Code: 30346
Manufacturer Code: 30346
Colour: AURIC GOLD METALLIC
Material: Resin model (doors and hood do not open)
Year: 2024
EAN: Available on request
Expected Release: March 2026</code></pre>",30346,
,pre-order,aston-martin-valiant-auric-gold-metallic-2024-30346,"ASTON MARTIN VALIANT AURIC GOLD METALLIC 2024 GT Spirit 1:18 Resinemodell (Türen, Motorhaube... nicht zu öffnen!)","<pre><code>Trademark: GT Spirit
Brand: ASTON MARTIN
Model: VALIANT AURIC GOLD
Scale: 1:18
Car Model Code: 30346
Manufacturer Code: 30346
Colour: AURIC GOLD METALLIC
Material: Resin model (doors and hood do not open)
Year: 2024
EAN: Available on request
Expected Release: March 2026</code></pre>",30346,https://images.squarespace-cdn.com/content/v1/68d6a6c7ad50e42eaaa2008c/1760105378291-4UN08TCU1XYFRMWOLBH9/GT546n.jpg
,pre-order,audi-a6-c6-all-road-brilliant-black-2000-118,"Audi A6 C6 All Road Brilliant Black 2000 OttO mobile 1:18 Resinemodell (Türen, Motorhaube... nicht zu öffnen!)","<pre><code>Trademark: OttO mobile
Brand: Audi
Model: A6 C6 All
Scale: 1:18
Car Model Code: 30730
Manufacturer Code: 30730
Colour: Brilliant Black
Material: Resin model (doors and hood do not open)
Year: 2000
EAN: Available on request
Expected Release: January 2026</code></pre>",30730,
,pre-order,audi-a6-c6-all-road-brilliant-black-2000-30730,"Audi A6 C6 All Road Brilliant Black 2000 OttO mobile 1:18 Resinemodell (Türen, Motorhaube... nicht zu öffnen!)","<pre><code>Trademark: OttO mobile
Brand: Audi
Model: A6 C6 All
Scale: 1:18
Car Model Code: 30730
Manufacturer Code: 30730
Colour: Brilliant Black
Material: Resin model (doors and hood do not open)
Year: 2000
EAN: Available on request
Expected Release: January 2026</code></pre>",30730,
,pre-order,audi-rs-6-gt-grey-2024-118,"AUDI RS 6 GT GREY 2024 GT Spirit 1:18 Resinemodell (Türen, Motorhaube... nicht zu öffnen!)","<pre><code>Trademark: GT Spirit
Brand: AUDI
Model: RS 6
Scale: 1:18
Car Model Code: 30336
Manufacturer Code: 30336
Colour: GREY
Material: Resin model (doors and hood do not open)
Year: 2024
EAN: Available on request
Expected Release: March 2026</code></pre>",30336,
,pre-order,audi-rs-6-gt-grey-2024-30336,"AUDI RS 6 GT GREY 2024 GT Spirit 1:18 Resinemodell (Türen, Motorhaube... nicht zu öffnen!)","<pre><code>Trademark: GT Spirit
Brand: AUDI
Model: RS 6
Scale: 1:18
Car Model Code: 30336
Manufacturer Code: 30336
Colour: GREY
Material: Resin model (doors and hood do not open)
Year: 2024
EAN: Available on request
Expected Release: March 2026</code></pre>",30336,https://images.squarespace-cdn.com/content/v1/68d6a6c7ad50e42eaaa2008c/1760105380448-M8UDKQ802KXQBNB0COIH/gt965n.jpg
,pre-order,audi-sport-quattro-1985-tornado-red-118-30248,Audi Sport quattro 1985 Tornado Red  Norev 1:18 Metallmodell (Türen/Hauben nicht zu öffnen!),"<pre><code>Trademark: Norev
Brand: Audi
Model: Sport quattro
Scale: 1:18
Car Model Code: 30248
Manufacturer Code: 30248
Colour: Red
Material: Die-cast metal with plastic details
Year: 1985
EAN: Available on request
Expected Release: February 2026</code></pre>",30248,https://images.squarespace-cdn.com/content/v1/68d6a6c7ad50e42eaaa2008c/1760105420375-EIWBAH559AA6JWRG6BOO/188319.jpg
,pre-order,audi-sport-quattro-1985-tornado-red-118-hauben,Audi Sport quattro 1985 Tornado Red  Norev 1:18 Metallmodell (Türen/Hauben nicht zu öffnen!),"<pre><code>Trademark: Norev
Brand: Audi
Model: Sport quattro
Scale: 1:18
Car Model Code: 30248
Manufacturer Code: 30248
Colour: Red
Material: Die-cast metal with plastic details
Year: 1985
EAN: Available on request
Expected Release: February 2026</code></pre>",30248,
,pre-order,bmw-325i-convertible-bright-red-308-1986-118,"BMW 325i Convertible Bright Red 308 1986 OttO mobile 1:18 Resinemodell (Türen, Motorhaube... nicht zu öffnen!)","<pre><code>Trademark: OttO mobile
Brand: BMW
Model: 325i Convertible Bright
Scale: 1:18
Car Model Code: 30725
Manufacturer Code: 30725
Colour: Bright Red
Material: Resin model (doors and hood do not open)
Year: 1986
EAN: Available on request
Expected Release: January 2026</code></pre>",30725,
,pre-order,bmw-325i-convertible-bright-red-308-1986-30725,"BMW 325i Convertible Bright Red 308 1986 OttO mobile 1:18 Resinemodell (Türen, Motorhaube... nicht zu öffnen!)","<pre><code>Trademark: OttO mobile
Brand: BMW
Model: 325i Convertible Bright
Scale: 1:18
Car Model Code: 30725
Manufacturer Code: 30725
Colour: Bright Red
Material: Resin model (doors and hood do not open)
Year: 1986
EAN: Available on request
Expected Release: January 2026</code></pre>",30725,
,pre-order,bmw-507-1956-japanese-red-112-28902,BMW 507 1956 Japanese Red   Norev 1:12 Metallmodell (Türen/Hauben nicht zu öffnen!),"<pre><code>Trademark: Norev
Brand: BMW
Model: 507
Scale: 1:18
Car Model Code: 28902
Manufacturer Code: 28902
Colour: Red
Material: Die-cast metal with plastic details
Year: 1956
EAN: Available on request
Expected Release: February 2026</code></pre>",28902,https://images.squarespace-cdn.com/content/v1/68d6a6c7ad50e42eaaa2008c/1760105422487-NTTOAV25VYPKZELHHNP0/123200nh.jpg
,pre-order,bmw-507-1956-japanese-red-112-hauben,BMW 507 1956 Japanese Red   Norev 1:12 Metallmodell (Türen/Hauben nicht zu öffnen!),"<pre><code>Trademark: Norev
Brand: BMW
Model: 507
Scale: 1:18
Car Model Code: 28902
Manufacturer Code: 28902
Colour: Red
Material: Die-cast metal with plastic details
Year: 1956
EAN: Available on request
Expected Release: February 2026</code></pre>",28902,
,pre-order,bmw-m2-cs-blue-2025-118,"BMW M2 CS BLUE 2025 GT Spirit 1:18 Resinemodell (Türen, Motorhaube... nicht zu öffnen!)","<pre><code>Trademark: GT Spirit
Brand: BMW
Model: M2 CS BLUE
Scale: 1:18
Car Model Code: 30597
Manufacturer Code: 30597
Colour: BLUE
Material: Resin model (doors and hood do not open)
Year: 2025
EAN: Available on request
Expected Release: March 2026</code></pre>",30597,
,pre-order,bmw-m2-cs-blue-2025-30597,"BMW M2 CS BLUE 2025 GT Spirit 1:18 Resinemodell (Türen, Motorhaube... nicht zu öffnen!)","<pre><code>Trademark: GT Spirit
Brand: BMW
Model: M2 CS BLUE
Scale: 1:18
Car Model Code: 30597
Manufacturer Code: 30597
Colour: BLUE
Material: Resin model (doors and hood do not open)
Year: 2025
EAN: Available on request
Expected Release: March 2026</code></pre>",30597,https://images.squarespace-cdn.com/content/v1/68d6a6c7ad50e42eaaa2008c/1760105382315-WUX5MM4J10OVB2GL3PDA/gt552n.jpg
,collection,bmw-x4-xdrive,PARAGON MODELS BMW X4 XDRIVE 3.5d F83 2014,<pre><code>Trademark: PARAGON MODELS<br>Brand: BMW<br>Model: X4 xDrive35d F26<br>Scale: 1:18<br>Car Model Code: 80432352457<br>Manufacturer Code: 80432352457<br>Colour: Mineral Grey Metallic<br>Material: Die-cast metal with plastic details<br>Year: 2014<br>EAN: Available on request</code></pre>,80432352457,https://images.squarespace-cdn.com/content/v1/68d6a6c7ad50e42eaaa2008c/4dee33ef-fede-4c38-b2d9-3ee4bcb359db/Untitled+design+%2818%29.png
,pre-order,bmw-x5-m-competition-blue-2023-118,"BMW X5 M COMPETITION BLUE 2023 GT Spirit 1:18 Resinemodell (Türen, Motorhaube... nicht zu öffnen!)","<pre><code>Trademark: GT Spirit
Brand: BMW
Model: X5 M COMPETITION
Scale: 1:18
Car Model Code: 30343
Manufacturer Code: 30343
Colour: BLUE
Material: Resin model (doors and hood do not open)
Year: 2023
EAN: Available on request
Expected Release: March 2026</code></pre>",30343,
,pre-order,bmw-x5-m-competition-blue-2023-30343,"BMW X5 M COMPETITION BLUE 2023 GT Spirit 1:18 Resinemodell (Türen, Motorhaube... nicht zu öffnen!)","<pre><code>Trademark: GT Spirit
Brand: BMW
Model: X5 M COMPETITION
Scale: 1:18
Car Model Code: 30343
Manufacturer Code: 30343
Colour: BLUE
Material: Resin model (doors and hood do not open)
Year: 2023
EAN: Available on request
Expected Release: March 2026</code></pre>",30343,https://images.squarespace-cdn.com/content/v1/68d6a6c7ad50e42eaaa2008c/1760105384663-ER8ER9T6R1H2AIP89KMO/GT967n.jpg
,pre-order,brabus-900-peetch-pink-2024-118,"BRABUS 900 PEETCH PINK 2024 GT Spirit 1:18 Resinemodell (Türen, Motorhaube... nicht zu öffnen!)","<pre><code>Trademark: GT Spirit
Brand: BRABUS
Model: 900 PEETCH PINK
Scale: 1:18
Car Model Code: 30600
Manufacturer Code: 30600
Colour: PINK
Material: Resin model (doors and hood do not open)
Year: 2024
EAN: Available on request
Expected Release: March 2026</code></pre>",30600,
,pre-order,brabus-900-peetch-pink-2024-30600,"BRABUS 900 PEETCH PINK 2024 GT Spirit 1:18 Resinemodell (Türen, Motorhaube... nicht zu öffnen!)","<pre><code>Trademark: GT Spirit
Brand: BRABUS
Model: 900 PEETCH PINK
Scale: 1:18
Car Model Code: 30600
Manufacturer Code: 30600
Colour: PINK
Material: Resin model (doors and hood do not open)
Year: 2024
EAN: Available on request
Expected Release: March 2026</code></pre>",30600,https://images.squarespace-cdn.com/content/v1/68d6a6c7ad50e42eaaa2008c/1760105388700-UF0YOUOK1Q9RK4OJHCN4/gt564n.jpg
,pre-order,brabus-rocket-gts-black-2024-118,"BRABUS ROCKET GTS BLACK 2024 GT Spirit 1:18 Resinemodell (Türen, Motorhaube... nicht zu öffnen!)","<pre><code>Trademark: GT Spirit
Brand: BRABUS
Model: ROCKET GTS BLACK
Scale: 1:18
Car Model Code: 30591
Manufacturer Code: 30591
Colour: BLACK
Material: Resin model (doors and hood do not open)
Year: 2024
EAN: Available on request
Expected Release: March 2026</code></pre>",30591,
,pre-order,brabus-rocket-gts-black-2024-30591,"BRABUS ROCKET GTS BLACK 2024 GT Spirit 1:18 Resinemodell (Türen, Motorhaube... nicht zu öffnen!)","<pre><code>Trademark: GT Spirit
Brand: BRABUS
Model: ROCKET GTS BLACK
Scale: 1:18
Car Model Code: 30591
Manufacturer Code: 30591
Colour: BLACK
Material: Resin model (doors and hood do not open)
Year: 2024
EAN: Available on request
Expected Release: March 2026</code></pre>",30591,https://images.squarespace-cdn.com/content/v1/68d6a6c7ad50e42eaaa2008c/1760105386950-RLO13XL9D6T7C3ZXVE9W/gt544nh.jpg
,pre-order,chevrolet-corvette-c4-gran-sport-blue-1996-118,"CHEVROLET CORVETTE C4 GRAN SPORT BLUE 1996 GT Spirit 1:18 Resinemodell (Türen, Motorhaube... nicht zu öffnen!)","<pre><code>Trademark: GT Spirit
Brand: CHEVROLET
Model: CORVETTE C4 GRAN
Scale: 1:18
Car Model Code: 30344
Manufacturer Code: 30344
Colour: BLUE
Material: Resin model (doors and hood do not open)
Year: 1996
EAN: Available on request
Expected Release: March 2026</code></pre>",30344,
,pre-order,chevrolet-corvette-c4-gran-sport-blue-1996-30344,"CHEVROLET CORVETTE C4 GRAN SPORT BLUE 1996 GT Spirit 1:18 Resinemodell (Türen, Motorhaube... nicht zu öffnen!)","<pre><code>Trademark: GT Spirit
Brand: CHEVROLET
Model: CORVETTE C4 GRAN
Scale: 1:18
Car Model Code: 30344
Manufacturer Code: 30344
Colour: BLUE
Material: Resin model (doors and hood do not open)
Year: 1996
EAN: Available on request
Expected Release: March 2026</code></pre>",30344,https://images.squarespace-cdn.com/content/v1/68d6a6c7ad50e42eaaa2008c/1760105390606-ILKUPGMWDHJ275GTR3ZR/GT538n.jpg
,pre-order,chevrolet-corvette-c8-zr1-yellow-2025-118,"CHEVROLET CORVETTE C8 ZR1 YELLOW 2025 GT Spirit 1:18 Resinemodell (Türen, Motorhaube... nicht zu öffnen!)","<pre><code>Trademark: GT Spirit
Brand: CHEVROLET
Model: CORVETTE C8 ZR1
Scale: 1:18
Car Model Code: 30588
Manufacturer Code: 30588
Colour: YELLOW
Material: Resin model (doors and hood do not open)
Year: 2025
EAN: Available on request
Expected Release: March 2026</code></pre>",30588,
,pre-order,chevrolet-corvette-c8-zr1-yellow-2025-30588,"CHEVROLET CORVETTE C8 ZR1 YELLOW 2025 GT Spirit 1:18 Resinemodell (Türen, Motorhaube... nicht zu öffnen!)","<pre><code>Trademark: GT Spirit
Brand: CHEVROLET
Model: CORVETTE C8 ZR1
Scale: 1:18
Car Model Code: 30588
Manufacturer Code: 30588
Colour: YELLOW
Material: Resin model (doors and hood do not open)
Year: 2025
EAN: Available on request
Expected Release: March 2026</code></pre>",30588,https://images.squarespace-cdn.com/content/v1/68d6a6c7ad50e42eaaa2008c/1760105392438-5LUD1235CBAKTZZ6SNZ0/gt528nh.jpg
,pre-order,chevrolet-corvette-coupe-1969-le-mans-blue-118-29929,Chevrolet Corvette Coupe 1969 Le Mans Blue  Norev 1:18 Metallmodell (Überarbeitete Version - Türen/Hauben nicht zu öffnen!),"<pre><code>Trademark: Norev
Brand: Chevrolet
Model: Corvette Coupe
Scale: 1:18
Car Model Code: 29929
Manufacturer Code: 29929
Colour: Blue
Material: Die-cast metal with plastic details
Year: 1969
EAN: Available on request
Expected Release: February 2026</code></pre>",29929,https://images.squarespace-cdn.com/content/v1/68d6a6c7ad50e42eaaa2008c/1760105424636-8P4A61R26YOSFYKXEU00/189034nh.jpg
,pre-order,chevrolet-corvette-coupe-1969-le-mans-blue-118-ueberarbeitete-version-hauben,Chevrolet Corvette Coupe 1969 Le Mans Blue  Norev 1:18 Metallmodell (Überarbeitete Version - Türen/Hauben nicht zu öffnen!),"<pre><code>Trademark: Norev
Brand: Chevrolet
Model: Corvette Coupe
Scale: 1:18
Car Model Code: 29929
Manufacturer Code: 29929
Colour: Blue
Material: Die-cast metal with plastic details
Year: 1969
EAN: Available on request
Expected Release: February 2026</code></pre>",29929,
,pre-order,chevrolet-corvette-sting-ray-1963-sebring-silver-118-118-29375,Chevrolet Corvette Sting Ray 1963 Sebring Silver 1:18 Norev 1:18 Metallmodell (Türen/Hauben nicht zu öffnen!),"<pre><code>Trademark: Norev
Brand: Chevrolet
Model: Corvette Sting Ray
Scale: 1:18
Car Model Code: 29375
Manufacturer Code: 29375
Colour: Silver
Material: Die-cast metal with plastic details
Year: 1963
EAN: Available on request
Expected Release: February 2026</code></pre>",29375,https://images.squarespace-cdn.com/content/v1/68d6a6c7ad50e42eaaa2008c/1760105428610-TLZNCOYRYJO08UHH12F8/189052n.jpg
,pre-order,chevrolet-corvette-sting-ray-1963-sebring-silver-118-118-hauben,Chevrolet Corvette Sting Ray 1963 Sebring Silver 1:18 Norev 1:18 Metallmodell (Türen/Hauben nicht zu öffnen!),"<pre><code>Trademark: Norev
Brand: Chevrolet
Model: Corvette Sting Ray
Scale: 1:18
Car Model Code: 29375
Manufacturer Code: 29375
Colour: Silver
Material: Die-cast metal with plastic details
Year: 1963
EAN: Available on request
Expected Release: February 2026</code></pre>",29375,
,pre-order,citroen-2cv-charleston-1982-delage-red-black-reprod-2025-118-2-und-kofferraum-zu,"Citroën 2CV Charleston 1982 Delage Red & Black (Reprod 2025) Norev 1:18 Metallmodell 2 Türen, Motorhaube und Kofferraum zu öffnen!","<pre><code>Trademark: Norev
Brand: Citroën
Model: 2CV Charleston
Scale: 1:18
Car Model Code: 28877
Manufacturer Code: 28877
Colour: Black
Material: Die-cast metal with plastic details
Year: 1982
EAN: Available on request
Expected Release: February 2026</code></pre>",28877,
,pre-order,citroen-2cv-charleston-1982-delage-red-black-reprod-2025-118-28877,"Citroën 2CV Charleston 1982 Delage Red & Black (Reprod 2025) Norev 1:18 Metallmodell 2 Türen, Motorhaube und Kofferraum zu öffnen!","<pre><code>Trademark: Norev
Brand: Citroën
Model: 2CV Charleston
Scale: 1:18
Car Model Code: 28877
Manufacturer Code: 28877
Colour: Black
Material: Die-cast metal with plastic details
Year: 1982
EAN: Available on request
Expected Release: February 2026</code></pre>",28877,https://images.squarespace-cdn.com/content/v1/68d6a6c7ad50e42eaaa2008c/1760105426588-WNF5PUIEWD8ZTDD4ZPAA/181510nh.jpg
,pre-order,citroen-ds-23-pallas-1974-vanneau-beige-118-2-und-zu-oeffnen,Citroën DS 23 Pallas 1974 Vanneau Beige  Norev 1:18 Metallmodell 2 Türen und Motorhaube zu öffnen!,"<pre><code>Trademark: Norev
Brand: Citroën
Model: DS 23 Pallas
Scale: 1:18
Car Model Code: 30249
Manufacturer Code: 30249
Colour: 
Material: Die-cast metal with plastic details
Year: 1974
EAN: Available on request
Expected Release: February 2026</code></pre>",30249,
,pre-order,citroen-ds-23-pallas-1974-vanneau-beige-118-30249,Citroën DS 23 Pallas 1974 Vanneau Beige  Norev 1:18 Metallmodell 2 Türen und Motorhaube zu öffnen!,"<pre><code>Trademark: Norev
Brand: Citroën
Model: DS 23 Pallas
Scale: 1:18
Car Model Code: 30249
Manufacturer Code: 30249
Colour: 
Material: Die-cast metal with plastic details
Year: 1974
EAN: Available on request
Expected Release: February 2026</code></pre>",30249,https://images.squarespace-cdn.com/content/v1/68d6a6c7ad50e42eaaa2008c/1760105430823-6JXSYIUNYJBZQB22PJR4/181727n.jpg
,pre-order,citroen-sm-1972-pearl-grey-metallic-112-30567,Citroën SM 1972 Pearl Grey metallic  Norev 1:12  Metallmodell (Türen/Hauben nicht zu öffnen!),"<pre><code>Trademark: Norev
Brand: Citroën
Model: SM
Scale: 1:18
Car Model Code: 30567
Manufacturer Code: 30567
Colour: Grey
Material: Die-cast metal with plastic details
Year: 1972
EAN: Available on request
Expected Release: February 2026</code></pre>",30567,https://images.squarespace-cdn.com/content/v1/68d6a6c7ad50e42eaaa2008c/1760105432673-JZH6GI8F07SPN5BWVMF2/121707nh.jpg
,pre-order,citroen-sm-1972-pearl-grey-metallic-112-hauben,Citroën SM 1972 Pearl Grey metallic  Norev 1:12  Metallmodell (Türen/Hauben nicht zu öffnen!),"<pre><code>Trademark: Norev
Brand: Citroën
Model: SM
Scale: 1:18
Car Model Code: 30567
Manufacturer Code: 30567
Colour: Grey
Material: Die-cast metal with plastic details
Year: 1972
EAN: Available on request
Expected Release: February 2026</code></pre>",30567,
,pre-order,ferrari-308-gts-1982-red-118-24507,Ferrari 308 GTS 1982 - Red Norev 1:18 Metallmodell (Überarbeitete Version - Türen/Hauben nicht zu öffnen!),"<pre><code>Trademark: Norev
Brand: Ferrari
Model: 308 GTS
Scale: 1:18
Car Model Code: 24507
Manufacturer Code: 24507
Colour: Red
Material: Die-cast metal with plastic details
Year: 1982
EAN: Available on request
Expected Release: February 2026</code></pre>",24507,https://images.squarespace-cdn.com/content/v1/68d6a6c7ad50e42eaaa2008c/1760105436265-UHNGRDV7OQL6D53UT1DT/187930nhf.jpg
,pre-order,ferrari-308-gts-1982-red-118-ueberarbeitete-version-hauben,Ferrari 308 GTS 1982 - Red Norev 1:18 Metallmodell (Überarbeitete Version - Türen/Hauben nicht zu öffnen!),"<pre><code>Trademark: Norev
Brand: Ferrari
Model: 308 GTS
Scale: 1:18
Car Model Code: 24507
Manufacturer Code: 24507
Colour: Red
Material: Die-cast metal with plastic details
Year: 1982
EAN: Available on request
Expected Release: February 2026</code></pre>",24507,
,pre-order,ferrari-308-gts-1982-silver-118-26451,Ferrari 308 GTS 1982 Silver Norev 1:18 Metallmodell (Türen/Hauben nicht zu öffnen!),"<pre><code>Trademark: Norev
Brand: Ferrari
Model: 308 GTS
Scale: 1:18
Car Model Code: 26451
Manufacturer Code: 26451
Colour: Silver
Material: Die-cast metal with plastic details
Year: 1982
EAN: Available on request
Expected Release: February 2026</code></pre>",26451,https://images.squarespace-cdn.com/content/v1/68d6a6c7ad50e42eaaa2008c/1760105434447-K8L65Z4LFXZ6DW9EAJ1L/187934nh.jpg
,pre-order,ferrari-308-gts-1982-silver-118-hauben,Ferrari 308 GTS 1982 Silver Norev 1:18 Metallmodell (Türen/Hauben nicht zu öffnen!),"<pre><code>Trademark: Norev
Brand: Ferrari
Model: 308 GTS
Scale: 1:18
Car Model Code: 26451
Manufacturer Code: 26451
Colour: Silver
Material: Die-cast metal with plastic details
Year: 1982
EAN: Available on request
Expected Release: February 2026</code></pre>",26451,
,pre-order,ford-fiesta-xr2-1981-blue-metallic-118-118-29568,Ford Fiesta XR2 1981 Blue metallic 1:18 Norev 1:18 Metallmodell (Türen/Hauben nicht zu öffnen!),"<pre><code>Trademark: Norev
Brand: Ford
Model: Fiesta XR2
Scale: 1:18
Car Model Code: 29568
Manufacturer Code: 29568
Colour: Blue
Material: Die-cast metal with plastic details
Year: 1981
EAN: Available on request
Expected Release: February 2026</code></pre>",29568,https://images.squarespace-cdn.com/content/v1/68d6a6c7ad50e42eaaa2008c/1760105438267-U879IPART78T0SZDUBGQ/182744n.jpg
,pre-order,ford-fiesta-xr2-1981-blue-metallic-118-118-hauben,Ford Fiesta XR2 1981 Blue metallic 1:18 Norev 1:18 Metallmodell (Türen/Hauben nicht zu öffnen!),"<pre><code>Trademark: Norev
Brand: Ford
Model: Fiesta XR2
Scale: 1:18
Car Model Code: 29568
Manufacturer Code: 29568
Colour: Blue
Material: Die-cast metal with plastic details
Year: 1981
EAN: Available on request
Expected Release: February 2026</code></pre>",29568,
,collection,ixo-toyota-calica-gt-four,IXO TOYOTA CALICA GT-FOUR,<pre><code>Trademark: IXO<br>Brand: Toyota<br>Model: Celica GT-Four<br>Scale: 1:18<br>Car Model Code: SQ7797425<br>Manufacturer Code: SQ7797425<br>Colour: White with Racing Decals<br>Material: Die-cast metal with plastic details<br>Year: 1990<br>EAN: Available on request</code></pre>,SQ7797425,https://images.squarespace-cdn.com/content/v1/68d6a6c7ad50e42eaaa2008c/1759068989656-4Q2W3V02CYXNO69X7CJ4/51VIOlap1eL.jpg
,pre-order,jaguar-xj-s-53-he-coupe-1986-sage-green-metallic-118-30253,Jaguar XJ-S 5.3 H.E. Coupe 1986 Sage Green metallic  Norev 1:18 Metallmodell (Türen/Hauben nicht zu öffnen!),"<pre><code>Trademark: Norev
Brand: Jaguar
Model: XJ-S 5.3 H.E.
Scale: 1:18
Car Model Code: 30253
Manufacturer Code: 30253
Colour: Green
Material: Die-cast metal with plastic details
Year: 1986
EAN: Available on request
Expected Release: February 2026</code></pre>",30253,https://images.squarespace-cdn.com/content/v1/68d6a6c7ad50e42eaaa2008c/1760105440064-11478X03G05G0P3JYOPS/182623n.jpg
,pre-order,jaguar-xj-s-53-he-coupe-1986-sage-green-metallic-118-hauben,Jaguar XJ-S 5.3 H.E. Coupe 1986 Sage Green metallic  Norev 1:18 Metallmodell (Türen/Hauben nicht zu öffnen!),"<pre><code>Trademark: Norev
Brand: Jaguar
Model: XJ-S 5.3 H.E.
Scale: 1:18
Car Model Code: 30253
Manufacturer Code: 30253
Colour: Green
Material: Die-cast metal with plastic details
Year: 1986
EAN: Available on request
Expected Release: February 2026</code></pre>",30253,
,collection,lamborghini-countach-lp400,KYOSHO Lamborghini Countach LP400 Red 1974,<pre><code>Trademark: KYOSHO<br>Brand: Lamborghini<br>Model: Countach LP400<br>Scale: 1:18<br>Car Model Code: 09531R<br>Manufacturer Code: 09531R<br>Colour: Red<br>Material: Die-cast metal with plastic details<br>Year: 1974<br>EAN: Available on request</code></pre>,09531R,https://images.squarespace-cdn.com/content/v1/68d6a6c7ad50e42eaaa2008c/8a0f64e0-c18e-43a0-9709-3d400f819f49/Untitled+design+%2817%29.png
,pre-order,land-rover-defender-110-p400x-white-2021-112,"LAND ROVER DEFENDER 110 P400X WHITE 2021 GT Spirit 1:12 Resinemodell (Türen, Motorhaube... nicht zu öffnen!)","<pre><code>Trademark: GT Spirit
Brand: LAND ROVER
Model: DEFENDER 110 P400X
Scale: 1:18
Car Model Code: 30594
Manufacturer Code: 30594
Colour: WHITE
Material: Resin model (doors and hood do not open)
Year: 2021
EAN: Available on request
Expected Release: March 2026</code></pre>",30594,
,pre-order,land-rover-defender-110-p400x-white-2021-30594,"LAND ROVER DEFENDER 110 P400X WHITE 2021 GT Spirit 1:12 Resinemodell (Türen, Motorhaube... nicht zu öffnen!)","<pre><code>Trademark: GT Spirit
Brand: LAND ROVER
Model: DEFENDER 110 P400X
Scale: 1:18
Car Model Code: 30594
Manufacturer Code: 30594
Colour: WHITE
Material: Resin model (doors and hood do not open)
Year: 2021
EAN: Available on request
Expected Release: March 2026</code></pre>",30594,https://images.squarespace-cdn.com/content/v1/68d6a6c7ad50e42eaaa2008c/1760105394240-3VKUF9JHHP4CZG2I4G2H/gt554nh.jpg
,pre-order,land-rover-defender-3-station-wagon-green-2016-118,"LAND ROVER DEFENDER 3 STATION WAGON GREEN 2016 GT Spirit 1:18 Resinemodell (Türen, Motorhaube... nicht zu öffnen!)","<pre><code>Trademark: GT Spirit
Brand: LAND ROVER
Model: DEFENDER 3 STATION
Scale: 1:18
Car Model Code: 30340
Manufacturer Code: 30340
Colour: GREEN
Material: Resin model (doors and hood do not open)
Year: 2016
EAN: Available on request
Expected Release: March 2026</code></pre>",30340,
,pre-order,land-rover-defender-3-station-wagon-green-2016-30340,"LAND ROVER DEFENDER 3 STATION WAGON GREEN 2016 GT Spirit 1:18 Resinemodell (Türen, Motorhaube... nicht zu öffnen!)","<pre><code>Trademark: GT Spirit
Brand: LAND ROVER
Model: DEFENDER 3 STATION
Scale: 1:18
Car Model Code: 30340
Manufacturer Code: 30340
Colour: GREEN
Material: Resin model (doors and hood do not open)
Year: 2016
EAN: Available on request
Expected Release: March 2026</code></pre>",30340,https://images.squarespace-cdn.com/content/v1/68d6a6c7ad50e42eaaa2008c/1760105398207-WUIBLQEYP1LT7JDTXTH0/gt527n.jpg
,pre-order,land-rover-sport-p510e-white-2023-112,"LAND ROVER SPORT P510E WHITE 2023 GT Spirit 1:12 Resinemodell (Türen, Motorhaube... nicht zu öffnen!)","<pre><code>Trademark: GT Spirit
Brand: LAND ROVER
Model: SPORT P510E WHITE
Scale: 1:18
Car Model Code: 30342
Manufacturer Code: 30342
Colour: WHITE
Material: Resin model (doors and hood do not open)
Year: 2023
EAN: Available on request
Expected Release: March 2026</code></pre>",30342,
,pre-order,land-rover-sport-p510e-white-2023-30342,"LAND ROVER SPORT P510E WHITE 2023 GT Spirit 1:12 Resinemodell (Türen, Motorhaube... nicht zu öffnen!)","<pre><code>Trademark: GT Spirit
Brand: LAND ROVER
Model: SPORT P510E WHITE
Scale: 1:18
Car Model Code: 30342
Manufacturer Code: 30342
Colour: WHITE
Material: Resin model (doors and hood do not open)
Year: 2023
EAN: Available on request
Expected Release: March 2026</code></pre>",30342,https://images.squarespace-cdn.com/content/v1/68d6a6c7ad50e42eaaa2008c/1760105396226-SCD32OJY3EDK7T9JXPQ6/GT553n.jpg
,pre-order,lb-works-porsche-turbo-white-118,"LB-WORKS PORSCHE TURBO WHITE GT Spirit 1:18 Resinemodell (Türen, Motorhaube... nicht zu öffnen!)","<pre><code>Trademark: GT Spirit
Brand: LB-WORKS
Model: PORSCHE TURBO WHITE
Scale: 1:18
Car Model Code: 30598
Manufacturer Code: 30598
Colour: WHITE
Material: Resin model (doors and hood do not open)
Year: 
EAN: Available on request
Expected Release: March 2026</code></pre>",30598,
,pre-order,lb-works-porsche-turbo-white-30598,"LB-WORKS PORSCHE TURBO WHITE GT Spirit 1:18 Resinemodell (Türen, Motorhaube... nicht zu öffnen!)","<pre><code>Trademark: GT Spirit
Brand: LB-WORKS
Model: PORSCHE TURBO WHITE
Scale: 1:18
Car Model Code: 30598
Manufacturer Code: 30598
Colour: WHITE
Material: Resin model (doors and hood do not open)
Year: 
EAN: Available on request
Expected Release: March 2026</code></pre>",30598,https://images.squarespace-cdn.com/content/v1/68d6a6c7ad50e42eaaa2008c/1760105400266-NWHVF95KSM5W19S618UL/gt958n.jpg
,collection,man-tgx-xxl,Premium Classixxs MAN TGX XXL Blue Metallic,<pre><code>Trademark: Premium ClassiXXs<br>Brand: MAN<br>Model: TGX XXL Truck<br>Scale: 1:18<br>Car Model Code: PCL30200<br>Manufacturer Code: PCL30200<br>Colour: Blue Metallic<br>Material: Die-cast metal with plastic details<br>Year: 2012<br>EAN: Available on request</code></pre>,PCL30200,https://images.squarespace-cdn.com/content/v1/68d6a6c7ad50e42eaaa2008c/3e25c7bb-0b07-4b6e-954c-4f5b9b7b0877/Untitled+design+%2815%29.png
,pre-order,mclaren-f1-red-1992-118,"MCLAREN F1 RED 1992 GT Spirit 1:18 Resinemodell (Türen, Motorhaube... nicht zu öffnen!)","<pre><code>Trademark: GT Spirit
Brand: MCLAREN
Model: F1 RED
Scale: 1:18
Car Model Code: 30339
Manufacturer Code: 30339
Colour: RED
Material: Resin model (doors and hood do not open)
Year: 1992
EAN: Available on request
Expected Release: March 2026</code></pre>",30339,
,pre-order,mclaren-f1-red-1992-30339,"MCLAREN F1 RED 1992 GT Spirit 1:18 Resinemodell (Türen, Motorhaube... nicht zu öffnen!)","<pre><code>Trademark: GT Spirit
Brand: MCLAREN
Model: F1 RED
Scale: 1:18
Car Model Code: 30339
Manufacturer Code: 30339
Colour: RED
Material: Resin model (doors and hood do not open)
Year: 1992
EAN: Available on request
Expected Release: March 2026</code></pre>",30339,https://images.squarespace-cdn.com/content/v1/68d6a6c7ad50e42eaaa2008c/1760105403049-JLFN9D627LVIHCK3LSOS/gt534n.jpg
,collection,mercedes-500-sl,KK Scale MERCEDES BENZ 500 SL R129 Dark Blue,<pre><code>Trademark: KK Scale<br>Brand: Mercedes-Benz<br>Model: 500 SL R129<br>Scale: 1:18<br>Car Model Code: KKDC180373<br>Manufacturer Code: KKDC180373<br>Colour: Dark Blue Metallic<br>Material: Die-cast metal with plastic details<br>Year: 1989<br>EAN: Available on request</code></pre>,KKDC180373,https://images.squarespace-cdn.com/content/v1/68d6a6c7ad50e42eaaa2008c/3027e42c-01c8-4c95-985d-8f4f93bbd078/Untitled+design+%2823%29.png
,collection,mercedes-600-pullman,MCG Mercedes 600 W100 Pullman Dark Blue 1969,<pre><code>Trademark: MCG<br>Brand: Mercedes-Benz<br>Model: 600 W100 Pullman<br>Scale: 1:18<br>Car Model Code: MCG18189<br>Manufacturer Code: MCG18189<br>Colour: Dark Blue<br>Material: Die-cast metal with plastic details<br>Year: 1969<br>EAN: Available on request</code></pre>,MCG18189,https://images.squarespace-cdn.com/content/v1/68d6a6c7ad50e42eaaa2008c/db2d3705-7cec-41a5-b73d-9bb9f8daee99/Untitled+design+%2816%29.png
,pre-order,mercedes-benz-230-e-1990-night-green-metallic-118-118-4-und-kofferraum-zu-oeffne,"Mercedes-Benz 230 E 1990 Night Green metallic 1:18 Norev 1:18 Metallmodell 4 Türen, Motorhaube und Kofferraum zu öffnen!","<pre><code>Trademark: Norev
Brand: 
Model: 
Scale: 1:18
Car Model Code: 29571
Manufacturer Code: 29571
Colour: Green
Material: Die-cast metal with plastic details
Year: 1990
EAN: Available on request
Expected Release: February 2026</code></pre>",29571,
,pre-order,mercedes-benz-230-e-1990-night-green-metallic-118-118-4-und-kofferraum-zu-oeffne-29571,"Mercedes-Benz 230 E 1990 Night Green metallic 1:18 Norev 1:18 Metallmodell 4 Türen, Motorhaube und Kofferraum zu öffnen!","<pre><code>Trademark: Norev
Brand: 
Model: 
Scale: 1:18
Car Model Code: 29571
Manufacturer Code: 29571
Colour: Green
Material: Die-cast metal with plastic details
Year: 1990
EAN: Available on request
Expected Release: February 2026</code></pre>",29571,https://images.squarespace-cdn.com/content/v1/68d6a6c7ad50e42eaaa2008c/1760105441919-7KAYCQPX0BH4PUX4TZAN/183952n.jpg
,pre-order,mercedes-benz-350-sel-1979-hansa-blue-118-30573,"Mercedes-Benz 350 SEL 1979 Hansa Blue  Norev 1:18 Metallmodell (4 Türen, Motorhaube und Heckklappe zu öffnen!)","<pre><code>Trademark: Norev
Brand: 
Model: 
Scale: 1:18
Car Model Code: 30573
Manufacturer Code: 30573
Colour: Blue
Material: Die-cast metal with plastic details
Year: 1979
EAN: Available on request
Expected Release: February 2026</code></pre>",30573,https://images.squarespace-cdn.com/content/v1/68d6a6c7ad50e42eaaa2008c/1760105443849-1VM6D14DLXSVTILAPFML/183976n.jpg
,pre-order,mercedes-benz-350-sel-1979-hansa-blue-118-4-und-heckklappe-zu-oeffnen,"Mercedes-Benz 350 SEL 1979 Hansa Blue  Norev 1:18 Metallmodell (4 Türen, Motorhaube und Heckklappe zu öffnen!)","<pre><code>Trademark: Norev
Brand: 
Model: 
Scale: 1:18
Car Model Code: 30573
Manufacturer Code: 30573
Colour: Blue
Material: Die-cast metal with plastic details
Year: 1979
EAN: Available on request
Expected Release: February 2026</code></pre>",30573,
,collection,mercedes-benz-450-sel,NOREV MERCEDES-BENZ 450 SEL 6.9 1976 SILVER,<pre><code>Trademark: NOREV<br>Brand: Mercedes-Benz<br>Model: 450 SEL 6.9 W116<br>Scale: 1:18<br>Car Model Code: 183785<br>Manufacturer Code: 183785<br>Colour: Silver<br>Material: Die-cast metal with plastic details<br>Year: 1976<br>EAN: 3551091837855</code></pre>,183785,https://images.squarespace-cdn.com/content/v1/68d6a6c7ad50e42eaaa2008c/1759068992633-DQXRN89XN3VEF2L6DB0J/1976-Mercedes-Benz-450-SEL-6-9-W116-silver-1-18-Norev-diecast-scale-model-car-7_grande.webp
,pre-order,mercedes-benz-cls-coupe-2011-brillant-white-metallic-118-28926,MERCEDES-BENZ CLS COUPE 2011 BRILLANT WHITE METALLIC Norev 1:18 Metallmodell 4Türen und 2 Hauben  zu öffnen!,"<pre><code>Trademark: Norev
Brand: 
Model: 
Scale: 1:18
Car Model Code: 28926
Manufacturer Code: 28926
Colour: WHITE
Material: Die-cast metal with plastic details
Year: 2011
EAN: Available on request
Expected Release: February 2026</code></pre>",28926,https://images.squarespace-cdn.com/content/v1/68d6a6c7ad50e42eaaa2008c/1760105445977-6UBZCUNUJPAM0MR6QDKS/183943nh.jpg
,pre-order,mercedes-benz-cls-coupe-2011-brillant-white-metallic-118-4-und-2-hauben-zu-oeffn,MERCEDES-BENZ CLS COUPE 2011 BRILLANT WHITE METALLIC Norev 1:18 Metallmodell 4Türen und 2 Hauben  zu öffnen!,"<pre><code>Trademark: Norev
Brand: 
Model: 
Scale: 1:18
Car Model Code: 28926
Manufacturer Code: 28926
Colour: WHITE
Material: Die-cast metal with plastic details
Year: 2011
EAN: Available on request
Expected Release: February 2026</code></pre>",28926,
,pre-order,mercedes-benz-s600-1997-obsidian-black-metallic-118-30256,"Mercedes-Benz S600 1997 Obsidian Black metallic  Norev 1:18 Metallmodell 4 Türen, Motorhaube und Kofferraum zu öffnen!","<pre><code>Trademark: Norev
Brand: 
Model: 
Scale: 1:18
Car Model Code: 30256
Manufacturer Code: 30256
Colour: Black
Material: Die-cast metal with plastic details
Year: 1997
EAN: Available on request
Expected Release: February 2026</code></pre>",30256,https://images.squarespace-cdn.com/content/v1/68d6a6c7ad50e42eaaa2008c/1760105447957-BYO8OAU94SE7IMHK0LJU/183045n.jpg
,pre-order,mercedes-benz-s600-1997-obsidian-black-metallic-118-4-und-kofferraum-zu-oeffnen,"Mercedes-Benz S600 1997 Obsidian Black metallic  Norev 1:18 Metallmodell 4 Türen, Motorhaube und Kofferraum zu öffnen!","<pre><code>Trademark: Norev
Brand: 
Model: 
Scale: 1:18
Car Model Code: 30256
Manufacturer Code: 30256
Colour: Black
Material: Die-cast metal with plastic details
Year: 1997
EAN: Available on request
Expected Release: February 2026</code></pre>",30256,
,collection,mercedes-brabus-g800,Almost Real Mercedes Benz Brabus G800 Adventure XLP 2020,<pre><code>Trademark: Almost Real<br>Brand: Mercedes-Benz<br>Model: Brabus G800 Adventure XLP<br>Scale: 1:18<br>Car Model Code: 860525<br>Manufacturer Code: 860525<br>Colour: Polar White<br>Material: Die-cast metal with plastic details<br>Year: 2020<br>EAN: Available on request</code></pre>,860525,https://images.squarespace-cdn.com/content/v1/68d6a6c7ad50e42eaaa2008c/7093626f-5206-4383-a7f4-76d1e153d006/Untitled+design+%2821%29.png
,collection,mercedes-c36-amg,Ottomobile Mercedes Benz C36 AMG W202,<pre><code>Trademark: Ottomobile<br>Brand: Mercedes-Benz<br>Model: C36 AMG W202<br>Scale: 1:18<br>Car Model Code: OT443<br>Manufacturer Code: OT443<br>Colour: Black Metallic<br>Material: Resin with metal details<br>Year: 1995<br>EAN: Available on request</code></pre>,OT443,https://images.squarespace-cdn.com/content/v1/68d6a6c7ad50e42eaaa2008c/501518cd-0a20-41a8-9c7d-2f8ff859bd8f/Untitled+design+%2824%29.png
,collection,mercedes-s600,Norev Mercedes Benz S600 1998 Silver,<pre><code>Trademark: NOREV<br>Brand: Mercedes-Benz<br>Model: S600 W140<br>Scale: 1:18<br>Car Model Code: 183810<br>Manufacturer Code: 183810<br>Colour: Silver Metallic<br>Material: Die-cast metal with plastic details<br>Year: 1998<br>EAN: Available on request</code></pre>,183810,https://images.squarespace-cdn.com/content/v1/68d6a6c7ad50e42eaaa2008c/1759069018934-60RIM96K08677N3S4GAM/Generated%2BImage%2BSeptember%2B27%252C%2B2025%2B-%2B11_11AM%2B%25281%2529.png
,pre-order,mini-jcw-gp2-r56-thunder-grey-metallic-2012-118,"Mini JCW GP2 R56 Thunder Grey Metallic 2012 OttO mobile 1:18 Resinemodell (Türen, Motorhaube... nicht zu öffnen!)","<pre><code>Trademark: OttO mobile
Brand: Mini
Model: JCW GP2 R56
Scale: 1:18
Car Model Code: 30731
Manufacturer Code: 30731
Colour: Thunder Grey Metallic
Material: Resin model (doors and hood do not open)
Year: 2012
EAN: Available on request
Expected Release: January 2026</code></pre>",30731,
,pre-order,mini-jcw-gp2-r56-thunder-grey-metallic-2012-30731,"Mini JCW GP2 R56 Thunder Grey Metallic 2012 OttO mobile 1:18 Resinemodell (Türen, Motorhaube... nicht zu öffnen!)","<pre><code>Trademark: OttO mobile
Brand: Mini
Model: JCW GP2 R56
Scale: 1:18
Car Model Code: 30731
Manufacturer Code: 30731
Colour: Thunder Grey Metallic
Material: Resin model (doors and hood do not open)
Year: 2012
EAN: Available on request
Expected Release: January 2026</code></pre>",30731,
,collection,mitsubishi-lancer-evolution,IXO Mitsubishi Lancer RS Evolution VI 1998,<pre><code>Trademark: IXO<br>Brand: Mitsubishi<br>Model: Lancer RS Evolution VI<br>Scale: 1:18<br>Car Model Code: 18cmc013<br>Manufacturer Code: 18cmc013<br>Colour: White<br>Material: Die-cast metal with plastic details<br>Year: 1998<br>EAN: Available on request</code></pre>,18cmc013,https://images.squarespace-cdn.com/content/v1/68d6a6c7ad50e42eaaa2008c/1759069004658-V41WK6HW0YQUQA70Q3FJ/18RMC093A.20-1-800x509__01814.jpg
,collection,nissan-patrol-gr,Ottomobile NISSAN PATROL GR Y60 1992,<pre><code>Trademark: Ottomobile<br>Brand: Nissan<br>Model: Patrol GR Y60<br>Scale: 1:18<br>Car Model Code: OT993<br>Manufacturer Code: OT993<br>Colour: White<br>Material: Resin with metal details<br>Year: 1992<br>EAN: Available on request</code></pre>,OT993,https://images.squarespace-cdn.com/content/v1/68d6a6c7ad50e42eaaa2008c/1759069003430-DALEZNFQRM08KY2Z0AVY/otto-mobile-118-nissan-patrol-gr-y60-1992.jpg
,pre-order,nissan-s15-silva-lb-super-silhouette-white-2021-118,"NISSAN S15 SILVA LB SUPER SILHOUETTE WHITE 2021 GT Spirit 1:18 Resinemodell (Türen, Motorhaube... nicht zu öffnen!)","<pre><code>Trademark: GT Spirit
Brand: NISSAN
Model: S15 SILVA LB
Scale: 1:18
Car Model Code: 30348
Manufacturer Code: 30348
Colour: WHITE
Material: Resin model (doors and hood do not open)
Year: 2021
EAN: Available on request
Expected Release: March 2026</code></pre>",30348,
,pre-order,nissan-s15-silva-lb-super-silhouette-white-2021-30348,"NISSAN S15 SILVA LB SUPER SILHOUETTE WHITE 2021 GT Spirit 1:18 Resinemodell (Türen, Motorhaube... nicht zu öffnen!)","<pre><code>Trademark: GT Spirit
Brand: NISSAN
Model: S15 SILVA LB
Scale: 1:18
Car Model Code: 30348
Manufacturer Code: 30348
Colour: WHITE
Material: Resin model (doors and hood do not open)
Year: 2021
EAN: Available on request
Expected Release: March 2026</code></pre>",30348,https://images.squarespace-cdn.com/content/v1/68d6a6c7ad50e42eaaa2008c/1760105406849-KM964T9EEXN6UR06XVXW/GT560n.jpg
,pre-order,nissan-skyline-gt-r-bnr32-dark-blue-pearl-th1-1993-118,"Nissan Skyline GT-R (BNR32) Dark Blue Pearl TH1 1993 OttO mobile 1:18 Resinemodell (Türen, Motorhaube... nicht zu öffnen!)","<pre><code>Trademark: OttO mobile
Brand: Nissan
Model: Skyline GT-R (BNR32)
Scale: 1:18
Car Model Code: 30726
Manufacturer Code: 30726
Colour: Dark Blue Pearl
Material: Resin model (doors and hood do not open)
Year: 1993
EAN: Available on request
Expected Release: January 2026</code></pre>",30726,
,pre-order,nissan-skyline-gt-r-bnr32-dark-blue-pearl-th1-1993-30726,"Nissan Skyline GT-R (BNR32) Dark Blue Pearl TH1 1993 OttO mobile 1:18 Resinemodell (Türen, Motorhaube... nicht zu öffnen!)","<pre><code>Trademark: OttO mobile
Brand: Nissan
Model: Skyline GT-R (BNR32)
Scale: 1:18
Car Model Code: 30726
Manufacturer Code: 30726
Colour: Dark Blue Pearl
Material: Resin model (doors and hood do not open)
Year: 1993
EAN: Available on request
Expected Release: January 2026</code></pre>",30726,https://images.squarespace-cdn.com/content/v1/68d6a6c7ad50e42eaaa2008c/1760105370257-1RYA3KAHFSZLP5T2WTC4/nissan-skyline-gt-r-bnr32-dark.jpg
,pre-order,old-new-porsche-tokyo-auto-salon-green-2024-118,"OLD & NEW Porsche TOKYO AUTO SALON GREEN 2024 GT Spirit 1:18 Resinemodell (Türen, Motorhaube... nicht zu öffnen!)","<pre><code>Trademark: GT Spirit
Brand: OLD
Model: & NEW Porsche
Scale: 1:18
Car Model Code: 30599
Manufacturer Code: 30599
Colour: GREEN
Material: Resin model (doors and hood do not open)
Year: 2024
EAN: Available on request
Expected Release: March 2026</code></pre>",30599,
,pre-order,old-new-porsche-tokyo-auto-salon-green-2024-30599,"OLD & NEW Porsche TOKYO AUTO SALON GREEN 2024 GT Spirit 1:18 Resinemodell (Türen, Motorhaube... nicht zu öffnen!)","<pre><code>Trademark: GT Spirit
Brand: OLD
Model: & NEW Porsche
Scale: 1:18
Car Model Code: 30599
Manufacturer Code: 30599
Colour: GREEN
Material: Resin model (doors and hood do not open)
Year: 2024
EAN: Available on request
Expected Release: March 2026</code></pre>",30599,https://images.squarespace-cdn.com/content/v1/68d6a6c7ad50e42eaaa2008c/1760105404947-M7PPGCEO6ZUOQ5SXEHT7/gt548n.jpg
,pre-order,peugeot-204-1967-white-118-30576,Peugeot 204 1967 White  Norev 1:18 Metallmodell  (Türen/Hauben nicht zu öffnen!),"<pre><code>Trademark: Norev
Brand: Peugeot
Model: 204
Scale: 1:18
Car Model Code: 30576
Manufacturer Code: 30576
Colour: White
Material: Die-cast metal with plastic details
Year: 1967
EAN: Available on request
Expected Release: February 2026</code></pre>",30576,https://images.squarespace-cdn.com/content/v1/68d6a6c7ad50e42eaaa2008c/1760105457557-8QM5V7M7MWWIRZJLHO3W/184950n.jpg
,pre-order,peugeot-204-1967-white-118-hauben,Peugeot 204 1967 White  Norev 1:18 Metallmodell  (Türen/Hauben nicht zu öffnen!),"<pre><code>Trademark: Norev
Brand: Peugeot
Model: 204
Scale: 1:18
Car Model Code: 30576
Manufacturer Code: 30576
Colour: White
Material: Die-cast metal with plastic details
Year: 1967
EAN: Available on request
Expected Release: February 2026</code></pre>",30576,
,pre-order,peugeot-208-gti-2013-rubis-red-reprod-2026-118-30258,"Peugeot 208 GTi 2013 Rubis Red  (Reprod 2026) Norev Metallmodell 1:18 (Türen, Motorhaube, Kofferraum zu öffnen!)","<pre><code>Trademark: Norev
Brand: Peugeot
Model: 208 GTi
Scale: 1:18
Car Model Code: 30258
Manufacturer Code: 30258
Colour: Red
Material: Die-cast metal with plastic details
Year: 2013
EAN: Available on request
Expected Release: February 2026</code></pre>",30258,https://images.squarespace-cdn.com/content/v1/68d6a6c7ad50e42eaaa2008c/1760105452037-D99TMVXB9L9YALEXJILI/184700n.jpg
,pre-order,peugeot-208-gti-2013-rubis-red-reprod-2026-118-kofferraum-zu-oeffnen,"Peugeot 208 GTi 2013 Rubis Red  (Reprod 2026) Norev Metallmodell 1:18 (Türen, Motorhaube, Kofferraum zu öffnen!)","<pre><code>Trademark: Norev
Brand: Peugeot
Model: 208 GTi
Scale: 1:18
Car Model Code: 30258
Manufacturer Code: 30258
Colour: Red
Material: Die-cast metal with plastic details
Year: 2013
EAN: Available on request
Expected Release: February 2026</code></pre>",30258,
,pre-order,peugeot-306-cabriolet-1994-diablo-red-118-30259,Peugeot 306 Cabriolet 1994 Diablo Red  Norev 1:18 Metallmodell (Türen/Hauben nicht zu öffnen!),"<pre><code>Trademark: Norev
Brand: Peugeot
Model: 306 Cabriolet
Scale: 1:18
Car Model Code: 30259
Manufacturer Code: 30259
Colour: Red
Material: Die-cast metal with plastic details
Year: 1994
EAN: Available on request
Expected Release: February 2026</code></pre>",30259,https://images.squarespace-cdn.com/content/v1/68d6a6c7ad50e42eaaa2008c/1760105449957-2NF1XVEZKD6PUMKH7DPP/184930n.jpg
,pre-order,peugeot-306-cabriolet-1994-diablo-red-118-hauben,Peugeot 306 Cabriolet 1994 Diablo Red  Norev 1:18 Metallmodell (Türen/Hauben nicht zu öffnen!),"<pre><code>Trademark: Norev
Brand: Peugeot
Model: 306 Cabriolet
Scale: 1:18
Car Model Code: 30259
Manufacturer Code: 30259
Colour: Red
Material: Die-cast metal with plastic details
Year: 1994
EAN: Available on request
Expected Release: February 2026</code></pre>",30259,
,pre-order,peugeot-306-s16-1997-blaze-yellow-118-30260,Peugeot 306 S16 1997 Blaze Yellow  Norev Metallmodell 1:18 (Türen zu öffnen!),"<pre><code>Trademark: Norev
Brand: Peugeot
Model: 306 S16
Scale: 1:18
Car Model Code: 30260
Manufacturer Code: 30260
Colour: Yellow
Material: Die-cast metal with plastic details
Year: 1997
EAN: Available on request
Expected Release: February 2026</code></pre>",30260,https://images.squarespace-cdn.com/content/v1/68d6a6c7ad50e42eaaa2008c/1760105455693-80CLDPAWC5D1HM2VA1T3/184940n.jpg
,pre-order,peugeot-306-s16-1997-blaze-yellow-118-zu-oeffnen,Peugeot 306 S16 1997 Blaze Yellow  Norev Metallmodell 1:18 (Türen zu öffnen!),"<pre><code>Trademark: Norev
Brand: Peugeot
Model: 306 S16
Scale: 1:18
Car Model Code: 30260
Manufacturer Code: 30260
Colour: Yellow
Material: Die-cast metal with plastic details
Year: 1997
EAN: Available on request
Expected Release: February 2026</code></pre>",30260,
,collection,peugeot-504-break,MCG Peugeot 504 Break,<pre><code>Trademark: MCG<br>Brand: Peugeot<br>Model: 504 Break Station Wagon<br>Scale: 1:18<br>Car Model Code: mcg18213<br>Manufacturer Code: MCG18213<br>Colour: Light Blue<br>Material: Die-cast metal with plastic details<br>Year: 1977<br>EAN: Available on request</code></pre>,mcg18213,https://images.squarespace-cdn.com/content/v1/68d6a6c7ad50e42eaaa2008c/1759069006007-596NRB2YLQZ1CUWAQL8H/Untitled%2Bdesign%2B%252814%2529.png
,pre-order,peugeot-607-30-v6-phase-2-blue-montebello-2008-118,"Peugeot 607 3.0 V6 Phase 2 Blue Montebello 2008 OttO mobile 1:18 Resinemodell (Türen, Motorhaube... nicht zu öffnen!)","<pre><code>Trademark: OttO mobile
Brand: Peugeot
Model: 607 3.0 V6
Scale: 1:18
Car Model Code: 30723
Manufacturer Code: 30723
Colour: Blue Montebello
Material: Resin model (doors and hood do not open)
Year: 2008
EAN: Available on request
Expected Release: January 2026</code></pre>",30723,
,pre-order,peugeot-607-30-v6-phase-2-blue-montebello-2008-30723,"Peugeot 607 3.0 V6 Phase 2 Blue Montebello 2008 OttO mobile 1:18 Resinemodell (Türen, Motorhaube... nicht zu öffnen!)","<pre><code>Trademark: OttO mobile
Brand: Peugeot
Model: 607 3.0 V6
Scale: 1:18
Car Model Code: 30723
Manufacturer Code: 30723
Colour: Blue Montebello
Material: Resin model (doors and hood do not open)
Year: 2008
EAN: Available on request
Expected Release: January 2026</code></pre>",30723,
,pre-order,peugeot-rcz-2010-mercury-grey-118-2-zu-oeffnen,Peugeot RCZ 2010 Mercury Grey  Norev 1:18 Metallmodell 2 Türen zu öffnen!,"<pre><code>Trademark: Norev
Brand: Peugeot
Model: RCZ
Scale: 1:18
Car Model Code: 29936
Manufacturer Code: 29936
Colour: Grey
Material: Die-cast metal with plastic details
Year: 2010
EAN: Available on request
Expected Release: February 2026</code></pre>",29936,
,pre-order,peugeot-rcz-2010-mercury-grey-118-29936,Peugeot RCZ 2010 Mercury Grey  Norev 1:18 Metallmodell 2 Türen zu öffnen!,"<pre><code>Trademark: Norev
Brand: Peugeot
Model: RCZ
Scale: 1:18
Car Model Code: 29936
Manufacturer Code: 29936
Colour: Grey
Material: Die-cast metal with plastic details
Year: 2010
EAN: Available on request
Expected Release: February 2026</code></pre>",29936,https://images.squarespace-cdn.com/content/v1/68d6a6c7ad50e42eaaa2008c/1760105453796-T1VJY1BJL92V106EKR57/184875nh.jpg
,pre-order,porsche-911-9912-gt3-green-2018-118,"PORSCHE 911 [991.2] GT3 GREEN 2018 GT Spirit 1:18 Resinemodell (Türen, Motorhaube... nicht zu öffnen!)","<pre><code>Trademark: GT Spirit
Brand: PORSCHE
Model: 911 [991.2] GT3
Scale: 1:18
Car Model Code: 30590
Manufacturer Code: 30590
Colour: GREEN
Material: Resin model (doors and hood do not open)
Year: 2018
EAN: Available on request
Expected Release: March 2026</code></pre>",30590,
,pre-order,porsche-911-9912-gt3-green-2018-30590,"PORSCHE 911 [991.2] GT3 GREEN 2018 GT Spirit 1:18 Resinemodell (Türen, Motorhaube... nicht zu öffnen!)","<pre><code>Trademark: GT Spirit
Brand: PORSCHE
Model: 911 [991.2] GT3
Scale: 1:18
Car Model Code: 30590
Manufacturer Code: 30590
Colour: GREEN
Material: Resin model (doors and hood do not open)
Year: 2018
EAN: Available on request
Expected Release: March 2026</code></pre>",30590,https://images.squarespace-cdn.com/content/v1/68d6a6c7ad50e42eaaa2008c/1760105408694-WRQGDJ154GQR18FJIYB8/gt550nh.jpg
,pre-order,porsche-968-turbo-s-yellow-1993-118,"PORSCHE 968 TURBO S YELLOW 1993 GT Spirit 1:18 Resinemodell (Türen, Motorhaube... nicht zu öffnen!)","<pre><code>Trademark: GT Spirit
Brand: PORSCHE
Model: 968 TURBO S
Scale: 1:18
Car Model Code: 30596
Manufacturer Code: 30596
Colour: YELLOW
Material: Resin model (doors and hood do not open)
Year: 1993
EAN: Available on request
Expected Release: March 2026</code></pre>",30596,
,pre-order,porsche-968-turbo-s-yellow-1993-30596,"PORSCHE 968 TURBO S YELLOW 1993 GT Spirit 1:18 Resinemodell (Türen, Motorhaube... nicht zu öffnen!)","<pre><code>Trademark: GT Spirit
Brand: PORSCHE
Model: 968 TURBO S
Scale: 1:18
Car Model Code: 30596
Manufacturer Code: 30596
Colour: YELLOW
Material: Resin model (doors and hood do not open)
Year: 1993
EAN: Available on request
Expected Release: March 2026</code></pre>",30596,https://images.squarespace-cdn.com/content/v1/68d6a6c7ad50e42eaaa2008c/1760105410518-UH88E1VNGHN0M1PXCF01/545347131_1110902897820168_503620693.jpg
,pre-order,range-rover-p530-autobiography-gold-2024-112,"RANGE ROVER P530 AUTOBIOGRAPHY GOLD 2024 GT Spirit 1:12 Resinemodell (Türen, Motorhaube... nicht zu öffnen!)","<pre><code>Trademark: GT Spirit
Brand: RANGE ROVER
Model: P530 AUTOBIOGRAPHY GOLD
Scale: 1:18
Car Model Code: 29989
Manufacturer Code: 29989
Colour: GOLD
Material: Resin model (doors and hood do not open)
Year: 2024
EAN: Available on request
Expected Release: March 2026</code></pre>",29989,
,pre-order,range-rover-p530-autobiography-gold-2024-29989,"RANGE ROVER P530 AUTOBIOGRAPHY GOLD 2024 GT Spirit 1:12 Resinemodell (Türen, Motorhaube... nicht zu öffnen!)","<pre><code>Trademark: GT Spirit
Brand: RANGE ROVER
Model: P530 AUTOBIOGRAPHY GOLD
Scale: 1:18
Car Model Code: 29989
Manufacturer Code: 29989
Colour: GOLD
Material: Resin model (doors and hood do not open)
Year: 2024
EAN: Available on request
Expected Release: March 2026</code></pre>",29989,https://images.squarespace-cdn.com/content/v1/68d6a6c7ad50e42eaaa2008c/1760105412346-O85YGPBLESUF14RCS2EB/GT542n.jpg
,pre-order,range-rover-sport-sv-edition-two-grey-2024-118,"RANGE ROVER SPORT SV EDITION TWO GREY 2024 GT Spirit 1:18 Resinemodell (Türen, Motorhaube... nicht zu öffnen!)","<pre><code>Trademark: GT Spirit
Brand: RANGE ROVER
Model: SPORT SV EDITION
Scale: 1:18
Car Model Code: 30592
Manufacturer Code: 30592
Colour: GREY
Material: Resin model (doors and hood do not open)
Year: 2024
EAN: Available on request
Expected Release: March 2026</code></pre>",30592,
,pre-order,range-rover-sport-sv-edition-two-grey-2024-30592,"RANGE ROVER SPORT SV EDITION TWO GREY 2024 GT Spirit 1:18 Resinemodell (Türen, Motorhaube... nicht zu öffnen!)","<pre><code>Trademark: GT Spirit
Brand: RANGE ROVER
Model: SPORT SV EDITION
Scale: 1:18
Car Model Code: 30592
Manufacturer Code: 30592
Colour: GREY
Material: Resin model (doors and hood do not open)
Year: 2024
EAN: Available on request
Expected Release: March 2026</code></pre>",30592,https://images.squarespace-cdn.com/content/v1/68d6a6c7ad50e42eaaa2008c/1760105414500-J2VQBHERCQFPZIUD7O3W/gt539nh.jpg
,pre-order,renault-espace-2000-tse-rouge-cornaline-1984-118,"Renault Espace 2000 TSE Rouge Cornaline 1984 OttO mobile 1:18 Resinemodell (Türen, Motorhaube... nicht zu öffnen!)","<pre><code>Trademark: OttO mobile
Brand: Renault
Model: Espace
Scale: 1:18
Car Model Code: 30722
Manufacturer Code: 30722
Colour: Rouge Cornaline
Material: Resin model (doors and hood do not open)
Year: 2000
EAN: Available on request
Expected Release: January 2026</code></pre>",30722,
,pre-order,renault-espace-2000-tse-rouge-cornaline-1984-30722,"Renault Espace 2000 TSE Rouge Cornaline 1984 OttO mobile 1:18 Resinemodell (Türen, Motorhaube... nicht zu öffnen!)","<pre><code>Trademark: OttO mobile
Brand: Renault
Model: Espace
Scale: 1:18
Car Model Code: 30722
Manufacturer Code: 30722
Colour: Rouge Cornaline
Material: Resin model (doors and hood do not open)
Year: 2000
EAN: Available on request
Expected Release: January 2026</code></pre>",30722,
,pre-order,renault-laguna-v6-30-baccara-gris-opale-1996-118,"Renault Laguna V6 3.0 Baccara Gris Opale 1996 OttO mobile 1:18 Resinemodell (Türen, Motorhaube... nicht zu öffnen!)","<pre><code>Trademark: OttO mobile
Brand: Renault
Model: Laguna V6 3.0
Scale: 1:18
Car Model Code: 30728
Manufacturer Code: 30728
Colour: Gris Opale
Material: Resin model (doors and hood do not open)
Year: 1996
EAN: Available on request
Expected Release: January 2026</code></pre>",30728,
,pre-order,renault-laguna-v6-30-baccara-gris-opale-1996-30728,"Renault Laguna V6 3.0 Baccara Gris Opale 1996 OttO mobile 1:18 Resinemodell (Türen, Motorhaube... nicht zu öffnen!)","<pre><code>Trademark: OttO mobile
Brand: Renault
Model: Laguna V6 3.0
Scale: 1:18
Car Model Code: 30728
Manufacturer Code: 30728
Colour: Gris Opale
Material: Resin model (doors and hood do not open)
Year: 1996
EAN: Available on request
Expected Release: January 2026</code></pre>",30728,https://images.squarespace-cdn.com/content/v1/68d6a6c7ad50e42eaaa2008c/1760105366670-BKOFP3AWN21KMYDK7ZJG/renault-laguna-v6-30-baccar.jpg
,pre-order,rtr-ford-mustang-spec-3-yellow-2025-118,"RTR Ford MUSTANG SPEC-3 YELLOW 2025 GT Spirit 1:18 Resinemodell (Türen, Motorhaube... nicht zu öffnen!)","<pre><code>Trademark: GT Spirit
Brand: RTR
Model: Ford MUSTANG SPEC-3
Scale: 1:18
Car Model Code: 30595
Manufacturer Code: 30595
Colour: YELLOW
Material: Resin model (doors and hood do not open)
Year: 2025
EAN: Available on request
Expected Release: March 2026</code></pre>",30595,
,pre-order,rtr-ford-mustang-spec-3-yellow-2025-30595,"RTR Ford MUSTANG SPEC-3 YELLOW 2025 GT Spirit 1:18 Resinemodell (Türen, Motorhaube... nicht zu öffnen!)","<pre><code>Trademark: GT Spirit
Brand: RTR
Model: Ford MUSTANG SPEC-3
Scale: 1:18
Car Model Code: 30595
Manufacturer Code: 30595
Colour: YELLOW
Material: Resin model (doors and hood do not open)
Year: 2025
EAN: Available on request
Expected Release: March 2026</code></pre>",30595,https://images.squarespace-cdn.com/content/v1/68d6a6c7ad50e42eaaa2008c/1760105416565-INUFKCOCSHZ3XPT0E2ZR/gt565n.jpg
,pre-order,rwb-porsche-army-girl-purple-2015-118,"RWB PORSCHE ARMY GIRL PURPLE 2015 GT Spirit 1:18 Resinemodell (Türen, Motorhaube... nicht zu öffnen!)","<pre><code>Trademark: GT Spirit
Brand: RWB
Model: PORSCHE ARMY GIRL
Scale: 1:18
Car Model Code: 30601
Manufacturer Code: 30601
Colour: PURPLE
Material: Resin model (doors and hood do not open)
Year: 2015
EAN: Available on request
Expected Release: March 2026</code></pre>",30601,
,pre-order,rwb-porsche-army-girl-purple-2015-30601,"RWB PORSCHE ARMY GIRL PURPLE 2015 GT Spirit 1:18 Resinemodell (Türen, Motorhaube... nicht zu öffnen!)","<pre><code>Trademark: GT Spirit
Brand: RWB
Model: PORSCHE ARMY GIRL
Scale: 1:18
Car Model Code: 30601
Manufacturer Code: 30601
Colour: PURPLE
Material: Resin model (doors and hood do not open)
Year: 2015
EAN: Available on request
Expected Release: March 2026</code></pre>",30601,https://images.squarespace-cdn.com/content/v1/68d6a6c7ad50e42eaaa2008c/1760105418317-JM2UBV53V4X4V0MZK96A/gt562nh.jpg
,collection,scania-r500-gold,Premium Classixxs Scania R500 GOLD MET,<pre><code>Trademark: Premium ClassiXXs<br>Brand: Scania<br>Model: R500 V8 Truck<br>Scale: 1:18<br>Car Model Code: PCL30224<br>Manufacturer Code: PCL30224<br>Colour: Gold Metallic<br>Material: Die-cast metal with plastic details<br>Year: 2013<br>EAN: Available on request</code></pre>,PCL30224,https://images.squarespace-cdn.com/content/v1/68d6a6c7ad50e42eaaa2008c/203ea9d7-298c-44c5-9249-eb7e3130d45e/Untitled+design+%2820%29.png
,collection,subaru-impreza-22b,SOLIDO SUBARU IMPREZA 22B SONIC BLUE 1998,<pre><code>Trademark: SOLIDO<br>Brand: Subaru<br>Model: Impreza 22B Limited Edition<br>Scale: 1:18<br>Car Model Code: S1807401<br>Manufacturer Code: S1807401<br>Colour: Sonic Blue<br>Material: Die-cast metal with plastic details<br>Year: 1998<br>EAN: Available on request</code></pre>,S1807401,https://images.squarespace-cdn.com/content/v1/68d6a6c7ad50e42eaaa2008c/1759068991286-XEBWB6VLMWKEBXEEHAVC/subaru-impreza-22b-sonic-blue-1998-01.jpg
,pre-order,suzuki-sx4-wrc-rally-monte-carlo-2008-per-gunnar-andersson-118-30727,"Suzuki SX4 WRC Rally Monte Carlo 2008 Per-Gunnar Andersson OttO mobile 1:18 Resinemodell (TĂĽren, Motorhaube... nicht zu Ă¶ffnen!)","<pre><code>Trademark: OttO mobile
Brand: Suzuki
Model: SX4 WRC Rally
Scale: 1:18
Car Model Code: 30727
Manufacturer Code: 30727
Colour: 
Material: Resin model (doors and hood do not open)
Year: 2008
EAN: Available on request
Expected Release: January 2026</code></pre>",30727,
,pre-order,suzuki-sx4-wrc-rally-monte-carlo-2008-per-gunnar-andersson-118-talren-nicht-zu-a,"Suzuki SX4 WRC Rally Monte Carlo 2008 Per-Gunnar Andersson OttO mobile 1:18 Resinemodell (TĂĽren, Motorhaube... nicht zu Ă¶ffnen!)","<pre><code>Trademark: OttO mobile
Brand: Suzuki
Model: SX4 WRC Rally
Scale: 1:18
Car Model Code: 30727
Manufacturer Code: 30727
Colour: 
Material: Resin model (doors and hood do not open)
Year: 2008
EAN: Available on request
Expected Release: January 2026</code></pre>",30727,
,collection,toyota-land-cruiser-60,KYOSHO Toyota Land Cruiser 60 1980,<pre><code>Trademark: KYOSHO<br>Brand: Toyota<br>Model: Land Cruiser 60 Series<br>Scale: 1:18<br>Car Model Code: 08956BE<br>Manufacturer Code: 08956BE<br>Colour: Beige<br>Material: Die-cast metal with plastic details<br>Year: 1980<br>EAN: Available on request</code></pre>,08956BE,https://images.squarespace-cdn.com/content/v1/68d6a6c7ad50e42eaaa2008c/1759068996639-TWPXCZ2S0EH30Z78F3T2/Generated%2BImage%2BSeptember%2B27%252C%2B2025%2B-%2B11_37AM.png
,collection,toyota-supra-3000-gt,Ottomobile Toyota Supra 3000 GT TRD Red,<pre><code>Trademark: Ottomobile<br>Brand: Toyota<br>Model: Supra 3000 GT TRD<br>Scale: 1:18<br>Car Model Code: OT879<br>Manufacturer Code: OT879<br>Colour: Renaissance Red<br>Material: Resin with metal details<br>Year: 1998<br>EAN: Available on request</code></pre>,OT879,https://images.squarespace-cdn.com/content/v1/68d6a6c7ad50e42eaaa2008c/1759068993890-PNRG69L3L6KO8UHVH89B/toyota-supra-3000-gt-trd-renaissance-red-1998.jpg
,collection,toyota-supra-fuji,GT Spirit Toyota Supra Fuji Edition White,<pre><code>Trademark: GT Spirit<br>Brand: Toyota<br>Model: Supra GR Fuji Speedway Edition<br>Scale: 1:18<br>Car Model Code: GT341<br>Manufacturer Code: GT341<br>Colour: White<br>Material: Resin with metal details<br>Year: 2021<br>EAN: Available on request</code></pre>,GT341,https://images.squarespace-cdn.com/content/v1/68d6a6c7ad50e42eaaa2008c/1759068995264-GPKHHZHUIETW1Z3OB1J8/gt341-toyota-supra-gr-fuji-speedway-edition-01-2.jpg
,collection,volvo-fh16-xl-red,Premium Classixxs Volvo FH16 XL Red,<pre><code>Trademark: Premium ClassiXXs<br>Brand: Volvo<br>Model: FH16 XL Truck<br>Scale: 1:18<br>Car Model Code: PCL30205<br>Manufacturer Code: PCL30205<br>Colour: Red<br>Material: Die-cast metal with plastic details<br>Year: 2014<br>EAN: Available on request</code></pre>,PCL30205,https://images.squarespace-cdn.com/content/v1/68d6a6c7ad50e42eaaa2008c/1759069013979-BBM6TFNE5PSBYWVD01K7/Volvo%2BFH25%2BEvolution%2B500%2BHP%2BCab.png
,collection,volvo-fh16-xl-white,Premium Classixxs Volvo FH16 XL White Orange,<pre><code>Trademark: Premium ClassiXXs<br>Brand: Volvo<br>Model: FH16 XL Truck<br>Scale: 1:18<br>Car Model Code: PCL30219<br>Manufacturer Code: PCL30219<br>Colour: White with Orange<br>Material: Die-cast metal with plastic details<br>Year: 2014<br>EAN: Available on request</code></pre>,PCL30219,https://images.squarespace-cdn.com/content/v1/68d6a6c7ad50e42eaaa2008c/1759069015843-XQ6Y657GDY19YBQ0GGTL/DSC07389.jpg
